{"scope.version":"2","timeline.animationMode":"proMode","viewport.width":500,"viewport.height":450,"stage.mask":false,"design.scrollleft":332,"design.scrolltop":436,"library.openDirectories":[],"library.GroupsPath":{},"library.downloadedAssets":{},"design.zoom":1,"tool.text.optionsState":{"fontName":"Times New Roman","fontSize":"16px","fontWeight":"normal","fontStyle":"normal","letterSpacing":"0px","lineHeight":"19.2px","alignLeft":true,"alignCenter":false,"alignRight":false,"alignJustify":false,"verticalAlignCenter":false,"foreColor":"rgba(234,5,173,1)","tagName":"span","orderedList":false,"unorderedList":false},"eventsPanel.layout":"{\"targetColumnWidth\":51,\"typeColumnWidth\":128,\"actionColumnWidth\":86,\"eventScope\":1}","timeline.loopPreview":true,"timeline.zoomLevel":75,"responsive.previewedSizes":[],"ruler.guides.lock":true,"design.userpaddingleft":-500,"design.userpaddingtop":-450}