<?xml version="1.0" standalone="no"?>

<manifest identifier="_test_course_id" version="1"
         xmlns="http://www.imsproject.org/xsd/imscp_rootv1p1p2"
         xmlns:adlcp="http://www.adlnet.org/xsd/adlcp_rootv1p2"
         xmlns:xsi="http://www.w3.org/2001/XMLSchema-instance"
         xsi:schemaLocation="http://www.imsproject.org/xsd/imscp_rootv1p1p2 imscp_rootv1p1p2.xsd
                             http://www.imsglobal.org/xsd/imsmd_rootv1p2p1 imsmd_rootv1p2p1.xsd
                             http://www.adlnet.org/xsd/adlcp_rootv1p2 adlcp_rootv1p2.xsd">

 <metadata>
    <schema>ADL SCORM</schema>
    <schemaversion>1.2</schemaversion>
    <lom xmlns="http://www.imsglobal.org/xsd/imsmd_rootv1p2p1" xmlns:xsi="http://www.w3.org/2001/XMLSchema-instance" xsi:schemaLocation="http://www.imsglobal.org/xsd/imsmd_rootv1p2p1 imsmd_rootv1p2p1.xsd">
      <general>
        <title>
          <langstring xml:lang="x-none">TEST WEB GOOGLE DESING</langstring>
        </title>
        <keyword>
          <langstring xml:lang="x-none">A</langstring>
        </keyword>
      </general>
      <lifecycle>
        <version>
          <langstring xml:lang="x-none">1</langstring>
        </version>
        <status>
          <source>
            <langstring xml:lang="x-none">LOMv1.0</langstring>
          </source>
          <value>
            <langstring xml:lang="x-none">Final</langstring>
          </value>
        </status>
      </lifecycle>
      <metametadata>
        <metadatascheme>ADL SCORM 1.2</metadatascheme>
      </metametadata>
      <educational>
        <typicallearningtime>
          <datetime>PT0H0M0S</datetime>
        </typicallearningtime>
      </educational>
      <rights>
        <cost>
          <source>
            <langstring xml:lang="x-none">LOMv1.0</langstring>
          </source>
          <value>
            <langstring xml:lang="x-none">yes</langstring>
          </value>
        </cost>
        <copyrightandotherrestrictions>
          <source>
            <langstring xml:lang="x-none">LOMv1.0</langstring>
          </source>
          <value>
            <langstring xml:lang="x-none">yes</langstring>
          </value>
        </copyrightandotherrestrictions>
      </rights>
    </lom>
  </metadata>




  <!-- There is just one organization. The organization contains just one item.-->
	<organizations default="TEST_GOOGLE_WEB_ORG">
		<organization identifier="TEST_GOOGLE_WEB_ORG">
			<title>TEST GOOGLE WEB</title>
			<item identifier="googleWeb" identifierref="resource_1">
				<title>TEST GOOGLE WEB</title>
			</item>
		</organization>
	</organizations>
  <!-- 
  There is just one resource that represents the single SCO that comprises the entirety of this course.
  The href attribute points to the launch URL for the course and all of the files required by the course
  are listed.
  
  One subtle difference between SCORM 1.2 and SCORM 2004 is the cast of the letter "t" in the 
  adlcp:scormtype attribute
  -->
	<resources>
		<resource identifier="resource_1" type="webcontent" adlcp:scormtype="sco" href="googleWebTest.html">
      <file href="lms/AICCComm.html" />
      <file href="lms/AICCFunctions.js" />
      <file href="lms/API.js" />
      <file href="lms/APIConstants.js" />
      <file href="lms/blank.html" />
      <file href="lms/browsersniff.js" />
      <file href="lms/Configuration.js" />
      <file href="lms/goodbye.html" />
      <file href="lms/lms.js" />
      <file href="lms/LMSAPI.js" />
      <file href="lms/NONEFunctions.js" />
      <file href="lms/SCORM2004Functions.js" />
      <file href="lms/SCORMFunctions.js" />
      <file href="lms/UtilityFunctions.js" />
      <file href="meta.xml" />
      <file href="googleWebTest.html" />
      <file href="assets/css/gwdimage_style.css" />
      <file href="assets/css/gwdpage_style.css" />
      <file href="assets/css/gwdpagedeck_style.css" />
      <file href="assets/css/healthBar.css" />
      <file href="assets/images/imag1_1.png" />
      <file href="assets/images/imag2.png" />
      <file href="assets/images/imag3.png" />
      <file href="assets/scripts/googbase_min.js" />
      <file href="assets/scripts/gwd_webcomponents_v1_min.js" />
      <file href="assets/scripts/gwd-events-support.1.0.js" />
      <file href="assets/scripts/gwdimage_min.js" />
      <file href="assets/scripts/gwdpage_min.js" />
      <file href="assets/scripts/gwdpagedeck_min.js" />
      <file href="assets/scripts/myscript.js" />
      <file href="gwd_workspace.json" />
		</resource>
	</resources>
</manifest>
